dataset,element,sample_id,label_mg_kg,n_retained_spectra,wl_400,wl_401,wl_402,wl_403,wl_404,wl_405,wl_406,wl_407,wl_408,wl_409,wl_410,wl_411,wl_412,wl_413,wl_414,wl_415,wl_416,wl_417,wl_418,wl_419,wl_420,wl_421,wl_422,wl_423,wl_424,wl_425,wl_426,wl_427,wl_428,wl_429,wl_430,wl_431,wl_432,wl_433,wl_434,wl_435,wl_436,wl_437,wl_438,wl_439,wl_440,wl_441,wl_442,wl_443,wl_444,wl_445,wl_446,wl_447,wl_448,wl_449,wl_450,wl_451,wl_452,wl_453,wl_454,wl_455,wl_456,wl_457,wl_458,wl_459,wl_460,wl_461,wl_462,wl_463,wl_464,wl_465,wl_466,wl_467,wl_468,wl_469,wl_470,wl_471,wl_472,wl_473,wl_474,wl_475,wl_476,wl_477,wl_478,wl_479,wl_480,wl_481,wl_482,wl_483,wl_484,wl_485,wl_486,wl_487,wl_488,wl_489,wl_490,wl_491,wl_492,wl_493,wl_494,wl_495,wl_496,wl_497,wl_498,wl_499,wl_500,wl_501,wl_502,wl_503,wl_504,wl_505,wl_506,wl_507,wl_508,wl_509,wl_510,wl_511,wl_512,wl_513,wl_514,wl_515,wl_516,wl_517,wl_518,wl_519,wl_520,wl_521,wl_522,wl_523,wl_524,wl_525,wl_526,wl_527,wl_528,wl_529,wl_530,wl_531,wl_532,wl_533,wl_534,wl_535,wl_536,wl_537,wl_538,wl_539,wl_540,wl_541,wl_542,wl_543,wl_544,wl_545,wl_546,wl_547,wl_548,wl_549,wl_550,wl_551,wl_552,wl_553,wl_554,wl_555,wl_556,wl_557,wl_558,wl_559,wl_560,wl_561,wl_562,wl_563,wl_564,wl_565,wl_566,wl_567,wl_568,wl_569,wl_570,wl_571,wl_572,wl_573,wl_574,wl_575,wl_576,wl_577,wl_578,wl_579,wl_580,wl_581,wl_582,wl_583,wl_584,wl_585,wl_586,wl_587,wl_588,wl_589,wl_590,wl_591,wl_592,wl_593,wl_594,wl_595,wl_596,wl_597,wl_598,wl_599,wl_600,wl_601,wl_602,wl_603,wl_604,wl_605,wl_606,wl_607,wl_608,wl_609,wl_610,wl_611,wl_612,wl_613,wl_614,wl_615,wl_616,wl_617,wl_618,wl_619,wl_620,wl_621,wl_622,wl_623,wl_624,wl_625,wl_626,wl_627,wl_628,wl_629,wl_630,wl_631,wl_632,wl_633,wl_634,wl_635,wl_636,wl_637,wl_638,wl_639,wl_640,wl_641,wl_642,wl_643,wl_644,wl_645,wl_646,wl_647,wl_648,wl_649,wl_650,wl_651,wl_652,wl_653,wl_654,wl_655,wl_656,wl_657,wl_658,wl_659,wl_660,wl_661,wl_662,wl_663,wl_664,wl_665,wl_666,wl_667,wl_668,wl_669,wl_670,wl_671,wl_672,wl_673,wl_674,wl_675,wl_676,wl_677,wl_678,wl_679,wl_680,wl_681,wl_682,wl_683,wl_684,wl_685,wl_686,wl_687,wl_688,wl_689,wl_690,wl_691,wl_692,wl_693,wl_694,wl_695,wl_696,wl_697,wl_698,wl_699,wl_700,spectrum_id
training_sample_mean,phosphorus,1,10.68,10,0.998112631,0.998404838,0.998696967,0.998980762,0.999227325,0.999451333,0.99964029,0.999780899,0.999837183,0.99992542,0.999955841,0.999965145,0.999917785,0.999866365,0.999796224,1.00006858,1.00115132,1.00363465,1.0079878,1.01448194,1.0230212399999998,1.03304928,1.04411564,1.05591557,1.0683821999999998,1.08180837,1.09665949,1.11316325,1.13055302,1.14772301,1.16330616,1.1763140399999998,1.18613996,1.19322106,1.19802189,1.20092206,1.20213939,1.20171364,1.19972928,1.19650159,1.1923545,1.18748317,1.1820165,1.1759712800000002,1.16927429,1.16208966,1.15461774,1.14721916,1.14021521,1.13398437,1.12855262,1.12388303,1.1197035,1.11576863,1.11174884,1.10748137,1.10293564,1.09825873,1.0936923,1.0893959,1.0854817,1.0819163,1.07861245,1.0754197399999998,1.07232763,1.06937573,1.0666300400000002,1.06400376,1.06141369,1.05877898,1.05604731,1.05319642,1.05031791,1.0475231,1.04495816,1.04268938,1.04072582,1.03902909,1.0374603,1.03579106,1.03394662,1.03190078,1.02974551,1.02765683,1.02593189,1.02466743,1.02390369,1.02346552,1.0231171,1.02260938,1.02186094,1.02083759,1.01962827,1.01829401,1.01681198,1.01515508,1.0133153199999998,1.01141322,1.0095176,1.00769491,1.00600275,1.00449184,1.0031203,1.0019442440000002,1.001091614,1.000556027,1.000271649,1.000185283,1.000324453,1.000601401,1.00107809,1.0018289299999998,1.00282229,1.00392179,1.00497694,1.00582123,1.00646925,1.00716141,1.00822651,1.00987112,1.0119248,1.01356592,1.01371329,1.01185753,1.00829914,1.00413348,1.001027277,1.00032727,1.002218847,1.00584091,1.00963765,1.01227391,1.01324278,1.01264716,1.01098385,1.00883736,1.00670129,1.00465755,1.00293765,1.00166627,1.00225334,1.00758014,1.02140077,1.04602482,1.07928625,1.11318706,1.13785829,1.14700129,1.1400998100000002,1.12181894,1.09893455,1.07694526,1.0584481499999998,1.0438077,1.03248073,1.02388784,1.01739655,1.01231799,1.0079973,1.0038986639999998,0.999662213,0.995065807,0.99001567,0.98443759,0.978456231,0.972330368,0.966394756,0.961055689,0.956595588,0.953108776,0.950473535,0.948541328,0.947076061,0.945953509,0.945050331,0.944370641,0.943888004,0.943620006,0.943553392,0.94377793,0.944276642,0.945090016,0.946193917,0.947587643,0.949166564,0.950861786,0.952611834,0.954418686,0.956291436,0.958251149,0.960356739,0.962557784,0.964759879,0.966863932,0.968813442,0.97062766,0.972389743,0.974162207,0.975978816,0.977835721,0.979598327,0.981220012,0.982656944,0.983917777,0.985067676,0.986195738,0.987284864,0.988364969,0.989381894,0.990323322,0.991219018,0.992157036,0.993294983,0.994809634,0.996760987,0.999116865,1.001749704,1.00446667,1.0070657,1.00956918,1.01196211,1.01421969,1.01610302,1.01723577,1.01701165,1.01500954,1.01110986,1.00557914,0.999027809,0.992110518,0.985377457,0.979185725,0.973703104,0.968977095,0.964925746,0.96156252,0.958840963,0.956678648,0.954953683,0.953513176,0.952062534,0.950287345,0.948047199,0.945272448,0.942227383,0.939260332,0.936696892,0.934732064,0.933393574,0.93247905,0.931700467,0.930856279,0.929692974,0.928178263,0.926346622,0.924334231,0.922327876,0.920508537,0.919002527,0.917833125,0.916923843,0.9161031,0.915348886,0.914583027,0.913867029,0.913476695,0.91366395,0.914586332,0.916167412,0.918198984,0.920129332,0.921775848,0.922990766,0.923597436,0.923519201,0.923032028,0.921997592,0.920393349,0.91847881,0.916596155,0.914802386,0.91349823,0.912809074,0.91295703,0.913972303,0.915853151,0.918264757,0.921293719,0.925282861,0.930720327,0.938074532,0.94762626,0.958638493,0.96964207,0.979768049,0.988887254,0.997861675,1.00761958,1.01894355,1.03158458,1.04442413,train_P_01_mean
training_sample_mean,phosphorus,2,9.41,10,0.99876461,0.998982924,0.999199133,0.999400863,0.999584293,0.9997497,0.999885562,0.999992424,1.000014442,1.000036584,1.000030053,1.000029399,0.999970695,0.999965716,0.999936907,0.999865466,0.999783408,0.999818433,1.00044597,1.00232181,1.00615015,1.01222351,1.02064814,1.03085508,1.04217533,1.05417622,1.0666050500000002,1.07952452,1.0926874999999998,1.10581341,1.11823629,1.1294748799999998,1.13899668,1.14688023,1.15309495,1.15766906,1.1606357900000002,1.16200125,1.1618480999999998,1.16040646,1.15794666,1.1546606,1.15070428,1.14610011,1.14078041,1.1349058,1.12867678,1.12242074,1.11643848,1.11109516,1.10639782,1.1023046,1.09853693,1.09483578,1.09088031,1.08655638,1.08190101,1.07713933,1.07258289,1.06841902,1.06476661,1.06155949,1.05868064,1.05593934,1.05332235,1.0508311899999998,1.04850574,1.04632058,1.0442592,1.04231019,1.04045331,1.03872822,1.03731423,1.03628754,1.03576486,1.03572303,1.03605836,1.03653412,1.03697332,1.03717207,1.03715348,1.03695288,1.03664436,1.03632031,1.03605256,1.03575649,1.03535007,1.0347421,1.03394522,1.03303399,1.03213854,1.03140212,1.03091209,1.03058785,1.03024118,1.02972024,1.0288925,1.0278164,1.02657221,1.02533313,1.02413341,1.02312038,1.02226703,1.02159453,1.02109133,1.02093181,1.0210934,1.02163638,1.02260987,1.02398355,1.02576617,1.02800103,1.03062333,1.03353365,1.03662512,1.03981024,1.04318377,1.04706209,1.05184385,1.05778534,1.06478397,1.07224498,1.07916487,1.08428352,1.08676072,1.08624855,1.08304327,1.07788203,1.07176767,1.06514736,1.05797142,1.05011563,1.04161859,1.03285891,1.02467213,1.01792552,1.01303788,1.01002012,1.0087109399999998,1.00883257,1.00994971,1.0126821700000002,1.01762107,1.02507212,1.03468606,1.04453842,1.0509567199999998,1.05187036,1.047134,1.0380467599999998,1.02701038,1.0164814400000002,1.00772093,1.00104331,0.996144295,0.992590811,0.989974333,0.987949837,0.986174926,0.984276832,0.982099982,0.97950512,0.976452928,0.972854555,0.968886287,0.964732686,0.960628794,0.956911958,0.953885271,0.951664244,0.950132209,0.949148971,0.948422854,0.947875546,0.947467395,0.947303466,0.947453853,0.947954659,0.948732865,0.949763164,0.950954495,0.952335748,0.953977294,0.955939922,0.95816291,0.96061027,0.96320659,0.965860909,0.968494931,0.97111477,0.973753588,0.976397952,0.979015563,0.981567628,0.984028629,0.98639865,0.988700834,0.990958773,0.993232566,0.995527446,0.997822731,1.000127608,1.00239096,1.0045417799999998,1.00657278,1.0085366,1.01047505,1.01250594,1.01461255,1.01678403,1.01895997,1.02110338,1.02326718,1.02566073,1.02841713,1.03158466,1.0350579,1.03870284,1.04229441,1.04579711,1.04909307,1.05218236,1.05495135,1.05719423,1.05839688,1.05811579,1.05598386,1.05187312,1.04603571,1.0389697,1.03134734,1.02381444,1.01688322,1.01081586,1.005606676,1.00116141,0.997377087,0.994160208,0.991549044,0.989599831,0.988147319,0.986874104,0.985469842,0.983662961,0.981521575,0.97929262,0.977205389,0.975461194,0.974141387,0.973138934,0.972427837,0.972007214,0.971730405,0.971416697,0.970827817,0.969766076,0.968326638,0.966787806,0.965475089,0.96463163,0.964408774,0.964691356,0.965319198,0.966046437,0.966705153,0.967296408,0.967933867,0.968801913,0.970087334,0.971838624,0.973732832,0.975574023,0.977156989,0.978269158,0.97887869,0.979347266,0.979876722,0.980508026,0.981209677,0.982126992,0.983255804,0.984560863,0.986068054,0.988104085,0.990736861,0.993957435,0.997793315,1.002286599,1.00754206,1.01383216,1.02118779,1.02954884,1.03822452,1.0460114900000002,1.05219088,1.05711457,1.06181639,1.06740405,1.07466074,1.08330705,1.09246272,train_P_02_mean
training_sample_mean,phosphorus,3,8.0,10,0.996632433,0.997066527,0.99750024,0.997919495,0.998302885,0.99866653,0.998998816,0.999283137,0.999498007,0.99970888,0.999867391,1.000034085,1.000359976,1.00100116,1.00209833,1.00385206,1.00634529,1.0094863200000002,1.01322864,1.0175128,1.02237654,1.02779819,1.0339719500000002,1.04107833,1.04914534,1.05814914,1.0678626100000002,1.0779744,1.08761066,1.09628624,1.10355573,1.1095858,1.11445096,1.11874713,1.122522,1.1257192100000002,1.12812096,1.1295922,1.13008516,1.12975759,1.1287046,1.1268628,1.12418911,1.12060432,1.11607877,1.11087218,1.1052806,1.09971299,1.0945099,1.0899931500000002,1.08612389,1.08282385,1.07982399,1.07688781,1.07377153,1.07033451,1.06654183,1.06248649,1.05837432,1.05436446,1.05063658,1.04723109,1.04412609,1.04119187,1.03835987,1.03561461,1.03301949,1.0305699499999998,1.02826288,1.02612234,1.02415688,1.02235486,1.02084675,1.01969399,1.01900975,1.01876484,1.01891874,1.0192736,1.01972146,1.02009988,1.0204586,1.02084781,1.0213931,1.02215291,1.02315696,1.0242214,1.02513827,1.02564456,1.02566317,1.02530324,1.02483279,1.0244603099999998,1.02440546,1.0246812200000002,1.02510451,1.02550258,1.02579592,1.02602166,1.02619489,1.0264224,1.02672193,1.02721606,1.02794933,1.02900694,1.03042399,1.03225282,1.03443852,1.03697332,1.03993793,1.04330609,1.04716276,1.0515618,1.05643814,1.06167153,1.06720658,1.07299172,1.07912759,1.08593079,1.093854,1.10326066,1.11432809,1.12700399,1.1409952,1.1557479000000002,1.17060058,1.18477676,1.19738039,1.20729823,1.21330194,1.2140905199999998,1.20870536,1.19718974,1.18072301,1.16134539,1.14149677,1.12320929,1.10770913,1.09536287,1.08643309,1.08120257,1.07973476,1.0816698299999998,1.0855739400000002,1.0880680699999998,1.08474668,1.07178263,1.04843433,1.01837254,0.987846918,0.962411784,0.945392811,0.937346104,0.936326758,0.939347413,0.943751989,0.948000115,0.951399713,0.953946067,0.955775899,0.956901292,0.95718216,0.956388982,0.954451852,0.951441383,0.947764991,0.943849141,0.940156549,0.937085692,0.93487643,0.933538749,0.932926201,0.93283493,0.932940433,0.933075651,0.933152192,0.933280514,0.933623613,0.93435523,0.935549439,0.937247987,0.939357288,0.94179674,0.944515772,0.947525061,0.950768237,0.954240756,0.957910213,0.961724227,0.965605201,0.969493698,0.973362844,0.977153723,0.980805199,0.984305185,0.98768176,0.990998972,0.994304316,0.997652418,1.001035136,1.00440009,1.00765597,1.01085607,1.0140194299999998,1.01717824,1.02039927,1.0237491,1.02718563,1.03074811,1.03443048,1.03827623,1.0422784699999998,1.04644526,1.05079318,1.05544839,1.06046733,1.06589313,1.07170734,1.07791401,1.0843833,1.09115161,1.09813313,1.10519976,1.11199256,1.11807417,1.12276997,1.12558568,1.12629121,1.12497564,1.12202636,1.11792028,1.11307995,1.10778164,1.1021692,1.09631571,1.09021786,1.08405247,1.07798983,1.07221959,1.06691742,1.06223835,1.0580754799999998,1.05421661,1.05054512,1.0469720500000002,1.0436153,1.0406401,1.03817814,1.03629318,1.03493144,1.03388805,1.03304026,1.0323664300000002,1.0317652,1.03121389,1.03065625,1.03003345,1.0293676399999998,1.0286350199999998,1.02788837,1.02722218,1.0268183,1.02675765,1.02724675,1.02824588,1.02973174,1.03167671,1.03397913,1.0364844999999998,1.03910602,1.04161927,1.04362753,1.04510108,1.04614783,1.04680034,1.04717605,1.04773846,1.04864704,1.04993861,1.05178294,1.05453398,1.05822908,1.06284441,1.06828707,1.07470186,1.08213032,1.09067189,1.10056321,1.11221156,1.12585979,1.14156673,1.15889577,1.17718581,1.19477133,1.20982564,1.22167454,1.23103853,1.23995028,1.25100714,1.26620024,1.28566605,1.30806892,train_P_03_mean
training_sample_mean,phosphorus,4,10.43,10,0.998457772,0.998713052,0.998963966,0.999202588,0.999396889,0.999564247,0.999710621,0.999822459,0.999849324,0.999930547,0.999960093,0.999963535,0.999917334,0.999861256,0.999865644,1.00047789,1.00231118,1.00600916,1.01199678,1.02026396,1.03041436,1.04176383,1.05383734,1.0664995300000002,1.0799609,1.09473034,1.11120563,1.12938369,1.14818782,1.16625648,1.18212494,1.19489723,1.20418083,1.21060136,1.2147529,1.2170147,1.21755484,1.21639614,1.21364758,1.20965926,1.20476273,1.19917953,1.1930580899999998,1.18640357,1.17911278,1.17137552,1.16341222,1.15558887,1.14824569,1.14176641,1.13614494,1.13127896,1.12683455,1.12253206,1.11804913,1.11326444,1.10821187,1.10310319,1.09820165,1.0936584100000002,1.08956206,1.08586881,1.08246734,1.07920762,1.07608225,1.0731214100000002,1.0703607,1.06771402,1.06510697,1.06249539,1.05980157,1.05706094,1.05437999,1.05184794,1.04959258,1.04765546,1.04598748,1.04451403,1.04310503,1.04152933,1.03976475,1.03781749,1.03580259,1.0338772,1.03230649,1.03115559,1.03042485,1.02992802,1.02943373,1.02873378,1.02777051,1.0265707899999998,1.02522609,1.02380797,1.02227827,1.02061121,1.018754,1.01678538,1.0147134599999998,1.01265472,1.01063569,1.008692,1.00686549,1.00530114,1.00407274,1.00319929,1.0026206,1.00227681,1.002154173,1.002182056,1.002452,1.00307464,1.0039889199999998,1.00506855,1.00610125,1.00685318,1.00728207,1.00758753,1.00809127,1.009014,1.01020333,1.01084991,1.00995491,1.00712976,1.002787907,0.998131784,0.994883461,0.994354164,0.996629253,1.000769025,1.00514999,1.00845231,1.01017866,1.01040473,1.00952821,1.00802034,1.00628218,1.00440511,1.00275329,1.00164016,1.00270205,1.00900009,1.02437553,1.05080872,1.0856464,1.12051059,1.14539965,1.15408588,1.14648246,1.12766574,1.10458307,1.08267926,1.06440048,1.04996731,1.0387787,1.03026184,1.02381484,1.0188213899999998,1.01463327,1.01070497,1.00665314,1.00218602,0.997171271,0.991530249,0.985453008,0.979181656,0.973127134,0.967701516,0.963193477,0.959638708,0.956958637,0.954984618,0.953470517,0.952297507,0.951339538,0.950577573,0.949989917,0.949600462,0.949388766,0.949448075,0.949765198,0.950378483,0.951268739,0.952450553,0.953846803,0.955407259,0.957063445,0.958805946,0.960622572,0.962513011,0.964519699,0.966609035,0.968707542,0.970733954,0.972623616,0.974392774,0.976101883,0.9778191,0.979589181,0.981419424,0.983166924,0.984779122,0.986200826,0.98743977,0.988560217,0.989679095,0.990796746,0.991944875,0.993044876,0.994075188,0.995030438,0.996003883,0.997131429,0.998622822,1.000536129,1.002846086,1.00542357,1.00811077,1.01070038,1.01325099,1.01576427,1.01821067,1.02034246,1.02176598,1.02183931,1.02013106,1.01649553,1.01117976,1.00478381,0.99797294,0.991310213,0.985177106,0.979756004,0.975077349,0.971024868,0.967582809,0.96475734,0.962498802,0.960741537,0.959359821,0.958055232,0.956455543,0.954392472,0.951788761,0.948886681,0.946021963,0.943511182,0.941543249,0.940164484,0.939229938,0.938511852,0.937823689,0.936872362,0.935549126,0.933846277,0.931874495,0.929827775,0.927944186,0.92639921,0.925249824,0.924447089,0.923768685,0.923184157,0.922552401,0.921889253,0.92140926,0.921405985,0.922067799,0.92342476,0.925271392,0.927069555,0.928614998,0.929712166,0.930157667,0.9299162,0.92933473,0.928312206,0.926878541,0.925291015,0.923827682,0.92250541,0.921664228,0.921418077,0.921998204,0.923445095,0.925701357,0.928510046,0.931839375,0.935949554,0.941378276,0.94866297,0.958101866,0.969030007,0.980114794,0.990481864,1.000004054,1.009444014,1.01979173,1.03166998,1.04477414,1.05796793,train_P_04_mean
training_sample_mean,phosphorus,5,11.42,10,0.995686649,0.996207967,0.996738863,0.99726895,0.997771814,0.998233377,0.998637013,0.998962993,0.999227708,0.999434932,0.999592862,0.99970849,0.999779952,0.999820313,0.999837326,0.999847677,0.9998658299999998,0.99989228,0.999917155,0.999926603,0.999964245,1.00020613,1.00131915,1.00382844,1.00814169,1.01453908,1.0225464199999998,1.03123307,1.0393576,1.04603686,1.05062447,1.05355419,1.05545446,1.05743149,1.05999935,1.06327781,1.06696797,1.07067604,1.07401384,1.07686609,1.07921593,1.08095024,1.08191975,1.08190602,1.08071939,1.078459,1.07536287,1.07183172,1.06827262,1.06515031,1.06258257,1.06060204,1.05895849,1.0574026399999998,1.05561855,1.05340906,1.05072403,1.04769618,1.04453591,1.04139657,1.038488,1.03585703,1.03347535,1.03122256,1.02907794,1.0270069899999998,1.02502565,1.02312113,1.02129189,1.01953549,1.01786008,1.01626292,1.01487734,1.01367251,1.01278196,1.01217116,1.01179488,1.01151571,1.0113134899999998,1.01103092,1.010716,1.01039993,1.01011263,1.00991275,1.00980821,1.00964419,1.00929053,1.008607,1.00763707,1.00657745,1.00569254,1.00514204,1.00502426,1.0051903599999998,1.00536591,1.00533829,1.00502695,1.00450881,1.00387593,1.0032795,1.002797,1.00256566,1.00262957,1.00306112,1.0038982600000002,1.00517346,1.00682259,1.00881852,1.01118808,1.0138682,1.01695308,1.02049389,1.02445063,1.02866943,1.03302107,1.0373906,1.04187353,1.04683252,1.05280453,1.06019968,1.06908035,1.07905964,1.08938862,1.09921032,1.10785097,1.11487765,1.12009672,1.12325653,1.12404145,1.12199366,1.1167109199999998,1.10834573,1.09764233,1.08570625,1.07381397,1.06302487,1.05382902,1.04625982,1.04037376,1.03624345,1.0338537,1.0326052799999998,1.03091616,1.02605472,1.0149426,0.99524325,0.967919365,0.937675243,0.910715175,0.8918664,0.8831540920000001,0.883734352,0.8907150100000001,0.900435316,0.909860465,0.917489006,0.923010534,0.926758025,0.929177427,0.930406721,0.93041191,0.929132763,0.926632623,0.923094929,0.919013764,0.914886458,0.911141887,0.908131602,0.906001263,0.904672258,0.903927075,0.903529142,0.903173459,0.902763503,0.902274022,0.901893396,0.90179231,0.902131028,0.902978345,0.9043939,0.906284624,0.908591231,0.91125311,0.914225288,0.917390813,0.920680928,0.924026789,0.927417008,0.930823517,0.93424553,0.937713977,0.94118505,0.944556394,0.947751141,0.950737862,0.953547098,0.956238308,0.958875178,0.961494812,0.964098924,0.966584965,0.968932613,0.971095181,0.973067672,0.974911487,0.976700778,0.978434923,0.980192332,0.981956599,0.98368777,0.985355331,0.986984032,0.988682571,0.990657364,0.993019306,0.995788876,0.998856516,1.002050077,1.00510199,1.00793192,1.0104193499999998,1.01254045,1.01417366,1.01515368,1.01503539,1.01343019,1.01001165,1.00469657,0.997736521,0.989693033,0.981256318,0.973132304,0.965816856,0.959546365,0.954246736,0.949776622,0.945897342,0.942394183,0.939143132,0.936067842,0.933048976,0.929944689,0.926732431,0.923416388,0.920173715,0.917204931,0.914605317,0.912434591,0.910605625,0.908921463,0.907230658,0.905505511,0.903627137,0.901566713,0.8993268929999999,0.8969594009999999,0.894584443,0.89231447,0.8902808520000001,0.888589142,0.8871443940000001,0.885869241,0.8847696340000001,0.883835605,0.88312598,0.883008916,0.8836674600000001,0.8851733559999999,0.8873293739999999,0.8898459400000001,0.8921185359999999,0.893892374,0.894979048,0.895183652,0.894284263,0.892546636,0.8899642780000001,0.886597812,0.8827454530000001,0.878976308,0.875517175,0.872618338,0.8704165460000001,0.8692515999999999,0.8691603569999999,0.870023128,0.871746348,0.874581847,0.878922371,0.885317033,0.894175905,0.905722534,0.919453476,0.934163235,0.949058783,0.964099126,0.980138163,0.997726735,1.01777036,1.03995271,1.0625696100000002,train_P_05_mean
training_sample_mean,phosphorus,6,13.29,10,0.989323324,0.990473544,0.991395258,0.992271675,0.993192949,0.994176063,0.995252488,0.996275521,0.997245036,0.998364676,0.999813991,1.00174586,1.00431115,1.0075493999999998,1.01130911,1.01550329,1.01999675,1.02464458,1.02945288,1.03440797,1.03956819,1.04487273,1.05049353,1.05654613,1.06313885,1.07034393,1.07808662,1.0860689,1.09347213,1.0997059500000002,1.10422289,1.10717627,1.10875128,1.10964886,1.11009894,1.11014517,1.10960087,1.108306,1.10610461,1.10312627,1.09953227,1.09538535,1.09075655,1.08564175,1.07998392,1.07398156,1.0678332899999998,1.06186598,1.05635686,1.05160955,1.0475906,1.0442312299999998,1.04125009,1.03840416,1.03536199,1.0318706800000002,1.02780757,1.02320231,1.01825028,1.01301733,1.00764677,1.00216982,0.99662102,0.990894929,0.985046228,0.979142631,0.973283672,0.967475435,0.961717439,0.956059133,0.950497414,0.945011036,0.939705685,0.934691229,0.930114938,0.926035231,0.922526746,0.919524445,0.916944566,0.914635066,0.912604939,0.910863022,0.90948634,0.908530735,0.908043454,0.907884466,0.907894176,0.907846765,0.907643168,0.90730696,0.906964056,0.906700409,0.906616451,0.906682877,0.906749639,0.906765039,0.906743079,0.90679396,0.907002489,0.907487188,0.90823727,0.909311778,0.910695942,0.912406167,0.914451155,0.916829168,0.919446451,0.922245233,0.925283668,0.928536074,0.932135581,0.936207866,0.94078254,0.945836074,0.951367543,0.957348308,0.963823029,0.970962736,0.978939944,0.987816571,0.997509095,1.00792107,1.01906698,1.0310403,1.04396787,1.05782365,1.07217873,1.08604777,1.09812521,1.10713467,1.11207871,1.11272277,1.10957822,1.1036134,1.09601907,1.08795672,1.0801807,1.07287664,1.0661153200000002,1.05988182,1.05409413,1.04881831,1.04351423,1.03609452,1.02342876,1.00244724,0.972697041,0.938151887,0.905160748,0.878664007,0.8608736929999999,0.851228836,0.8472234719999999,0.8458812339999999,0.8451699639999999,0.844472845,0.8439371550000001,0.843722818,0.8436435660000001,0.843320276,0.842430669,0.840726711,0.8380561280000001,0.8344033129999999,0.830040915,0.825343105,0.820728445,0.816631254,0.8133343740000001,0.8109257729999999,0.8092897069999999,0.8082349799999999,0.8074664090000001,0.806820093,0.806204237,0.8057192000000001,0.8055074899999999,0.8057228759999999,0.8064392330000001,0.807700925,0.809391403,0.8114126779999999,0.813680527,0.816174129,0.8188225109999999,0.821591229,0.8244361720000001,0.8273419949999999,0.830255054,0.8331323559999999,0.8359801109999999,0.8387369760000001,0.841310412,0.8436481519999999,0.8457382599999999,0.847610098,0.8493064269999999,0.850880319,0.8523848449999999,0.853850191,0.855256982,0.85665344,0.8580384000000001,0.859380982,0.8606941389999999,0.86202589,0.863429744,0.8649969430000001,0.8667252590000001,0.868631568,0.8706918619999999,0.8728914270000001,0.8752509390000001,0.877827287,0.880550686,0.883306919,0.88590862,0.8882181499999999,0.8901269839999999,0.8917541769999999,0.893165672,0.894407165,0.895324834,0.895636365,0.894844917,0.8925904320000001,0.888705202,0.8833093700000001,0.8768749290000001,0.86998395,0.863154136,0.856742709,0.850939543,0.845774066,0.841149725,0.837003999,0.833222123,0.82972277,0.826464545,0.8234206820000001,0.820469496,0.817434857,0.814161683,0.810529051,0.806635135,0.8027206769999999,0.799061199,0.795894803,0.7932414640000001,0.790928923,0.788731014,0.786528106,0.78414184,0.781584391,0.778932976,0.776226958,0.773663623,0.771475106,0.769915223,0.769083539,0.76903294,0.7695955210000001,0.7707706350000001,0.772436739,0.774556648,0.7772079169999999,0.780414875,0.784076156,0.787953491,0.791697868,0.794747851,0.796724623,0.797310466,0.796343798,0.7938968240000001,0.790477778,0.786443759,0.7819526050000001,0.777114233,0.772067926,0.7667713039999999,0.761486469,0.756773578,0.753432238,0.7520979569999999,0.753154489,0.756575204,0.762359339,0.77041703,0.7810168799999999,0.79437062,0.810807614,0.829159256,0.847688737,0.8649323219999999,0.880274673,0.893625449,0.906501804,0.920514473,0.935296473,0.949727184,train_P_06_mean
training_sample_mean,phosphorus,7,13.67,9,0.9979760511111112,0.9982668,0.9985620844444444,0.99885473,0.9991221733333332,0.999373567777778,0.9996073633333332,0.9997909855555556,0.9998626822222224,0.9999563066666666,0.999954438888889,0.9999210544444446,0.9998410966666668,0.9998146466666668,0.99976422,0.9997609622222224,1.0000396955555555,1.0009682333333334,1.002976488888889,1.0064482555555554,1.011785411111111,1.0187718,1.0272293444444445,1.0368000555555554,1.0472145777777777,1.0583821333333334,1.070311611111111,1.0830762555555555,1.0962846444444443,1.1095298111111112,1.122096,1.1335199666666669,1.1432779666666666,1.1514367666666667,1.1579141333333334,1.162736677777778,1.1659228444444445,1.1675103111111111,1.1676234555555556,1.1665215666666666,1.164448977777778,1.1615347333333332,1.157866511111111,1.1534282555555555,1.1481815777777775,1.142351988888889,1.1361925,1.1300828888888887,1.1243290777777777,1.1192462444444444,1.114860522222222,1.1111623777777777,1.1079083,1.1048652666666667,1.1017030444444444,1.0981728666666666,1.0941998666666666,1.089912,1.085540822222222,1.0812948444444443,1.0773537444444443,1.073719011111111,1.0703343444444444,1.0670491777777775,1.0638285444444444,1.0606219222222224,1.057421811111111,1.0541525444444444,1.0505996555555557,1.0466343,1.042164288888889,1.0372126,1.0319851,1.0268279777777778,1.0220418777777778,1.017793688888889,1.0140987444444445,1.0107637,1.0075824666666666,1.0043448555555556,1.001062658888889,0.99782088,0.9948122166666666,0.9922624433333334,0.990406297777778,0.9892897377777778,0.98886005,0.9888395566666666,0.988880882222222,0.9886116111111112,0.9878618544444444,0.9865576955555556,0.9848147833333332,0.9827865633333334,0.9806113055555556,0.9783758555555556,0.9761450866666668,0.9740489744444444,0.9721540444444444,0.97055417,0.96925918,0.968350418888889,0.9678057966666668,0.96760335,0.9676965444444444,0.9680223633333332,0.9684113288888888,0.9687645955555556,0.9691170455555554,0.9694564122222222,0.9699066044444444,0.9705864522222222,0.97145935,0.97233777,0.9729695944444444,0.9731251422222224,0.9728171,0.972401211111111,0.9724831733333332,0.9736108055555556,0.9760021255555557,0.9794735866666668,0.9836165488888888,0.9881158066666668,0.9930157411111112,0.9986807355555556,1.0055381377777777,1.0136775777777778,1.022626466666667,1.0313926222222225,1.0386913555555557,1.0435424555555557,1.0454818555555556,1.0445091777777775,1.0410855,1.035954888888889,1.029934811111111,1.0235451666666666,1.0171496,1.0115183666666665,1.0081829777777778,1.0100976888888888,1.0207968777777776,1.0421553222222224,1.0710430888888889,1.0992896333333333,1.1172963,1.1194920666666668,1.1062242666666666,1.0827084,1.0558146777777777,1.0308503555555557,1.0101527444444445,0.9940065566666668,0.9817505877777778,0.9726074922222224,0.9657634144444444,0.9604065644444444,0.9557323666666668,0.9510832655555556,0.9461784422222222,0.9408652022222224,0.9351289477777776,0.9289670866666666,0.9225727288888887,0.916108051111111,0.9097983244444444,0.90395,0.89878513,0.8944080077777777,0.8907964922222222,0.8879377522222222,0.8856759066666666,0.8839456911111111,0.882651861111111,0.8817927366666667,0.8813145655555555,0.8811927344444445,0.8813715133333333,0.8818527477777778,0.8825489155555556,0.8834609422222223,0.8845841655555556,0.8859381766666667,0.8874767155555555,0.8891867833333333,0.8910419288888889,0.8930054333333334,0.8950162488888888,0.8970463388888889,0.8991102666666667,0.9011526433333334,0.9031040588888888,0.9048944333333334,0.9064844133333332,0.9078715466666666,0.9090434933333332,0.9099961488888888,0.9107729966666668,0.911386427777778,0.9117646788888888,0.911913131111111,0.9118045066666666,0.9113660355555556,0.910562651111111,0.9094686288888888,0.9081648411111112,0.90683112,0.9055922722222224,0.9045731855555554,0.9037633933333332,0.9031329188888888,0.9026681666666668,0.9023996322222224,0.9022921111111112,0.9023322877777776,0.902473967777778,0.9026373033333334,0.90265824,0.9024718477777776,0.9019073244444444,0.9008352777777778,0.8990959722222223,0.89666465,0.8935084333333333,0.8897704255555556,0.8856027588888888,0.8811664877777778,0.8766164288888889,0.8720551655555555,0.8675627188888888,0.8631971955555556,0.8590317677777778,0.8551337955555556,0.8514782511111112,0.8480676288888889,0.84489003,0.8419249888888889,0.839143,0.8365393600000001,0.8339821377777779,0.8312903777777777,0.8283374511111111,0.8250645422222223,0.8216182399999999,0.8181758877777778,0.8148855577777777,0.8118665277777778,0.8091459044444445,0.8066824177777777,0.8044870855555556,0.8025928877777777,0.8008189299999999,0.7989903855555556,0.7968260733333333,0.7941113633333333,0.7908723155555556,0.7874548577777778,0.7842968788888889,0.7818110711111111,0.7802753611111111,0.7796671411111111,0.7797947566666666,0.7803683511111111,0.7811938377777777,0.7822549977777777,0.7835741355555556,0.7852956122222222,0.7874990322222222,0.7900153055555555,0.7923147588888889,0.7940587366666666,0.7948655622222223,0.7943724655555555,0.7923249866666667,0.7889342733333333,0.7842760244444444,0.7784862677777777,0.7716773422222222,0.7641820255555555,0.7562289688888888,0.7482320744444445,0.7405864255555555,0.7339333877777778,0.7288601377777778,0.7258460511111111,0.7251216566666667,0.7270513677777778,0.7319189222222222,0.7397725711111112,0.7500628566666667,0.762381238888889,0.7754443611111111,0.7876192888888889,0.7987180122222222,0.8093407711111111,0.8202556033333334,0.8328857544444443,0.8486794077777778,0.8668669133333333,0.8861672366666666,train_P_07_mean
training_sample_mean,phosphorus,8,13.58,10,0.998478725,0.998724112,0.998963011,0.999190574,0.999384705,0.999548885,0.999691743,0.999796912,0.999867879,0.999923627,0.999960218,0.999970344,0.99997894,0.99998545,0.999989568,0.999994944,1.000001684,1.000000504,0.999999441,0.999997308,1.000002425,1.00003013,1.00004878,1.00003145,1.000089316,1.00067716,1.0020331,1.0044343,1.00740523,1.01038498,1.01231792,1.0128156,1.01167253,1.00955923,1.00697757,1.00458476,1.00269035,1.00148839,1.00102955,1.00139108,1.00249007,1.00406182,1.00575354,1.00717282,1.00801655,1.00829127,1.00811754,1.00775658,1.0074515,1.00744769,1.00768915,1.00811163,1.00854491,1.00888305,1.00897285,1.00869345,1.00796611,1.00679839,1.0052926,1.0035537,1.00174876,0.999942262,0.99818477,0.996403529,0.994585685,0.992722492,0.990874335,0.989048951,0.987253757,0.985462492,0.983642667,0.981760993,0.979863264,0.977942831,0.976183582,0.974693629,0.973577287,0.972828582,0.972445989,0.972245656,0.972171227,0.972140858,0.972135921,0.972171771,0.972290614,0.972353785,0.972207971,0.971637033,0.970579091,0.969136386,0.96757727,0.966124935,0.964963392,0.964132141,0.963494559,0.962940009,0.962400663,0.961962771,0.961663237,0.96156198,0.961619612,0.961905436,0.962423409,0.963227087,0.964376297,0.965913951,0.9677835,0.969973832,0.972519485,0.975382798,0.978654934,0.982452656,0.986748012,0.991463509,0.996483403,1.0016911,1.0071074599999998,1.01299615,1.01970336,1.02747292,1.03631928,1.04606598,1.056504,1.06745861,1.07881973,1.09044512,1.10195432,1.1124936399999998,1.1209323,1.1261490200000002,1.12728252,1.12422988,1.11765187,1.10861508,1.09836102,1.08795798,1.07791861,1.06815692,1.05850198,1.04876287,1.03886764,1.02873172,1.01738917,1.00232105,0.98015881,0.948039558,0.906067217,0.8589039749999999,0.813861455,0.778189056,0.756918941,0.751146447,0.758106854,0.772997498,0.790580324,0.806725303,0.8193087200000001,0.82813958,0.834052039,0.837887334,0.8400344390000001,0.840525661,0.839380601,0.836741365,0.833083714,0.828934338,0.824856352,0.8213829699999999,0.8188433209999999,0.817266819,0.816480412,0.816255588,0.8162874170000001,0.816385721,0.8164490900000001,0.8165421580000001,0.81675974,0.817255655,0.8181403939999999,0.819542092,0.8214102889999999,0.823703182,0.826322412,0.8291891339999999,0.832140986,0.8351425969999999,0.8381742000000001,0.8412476050000001,0.844350862,0.8474724090000001,0.850609521,0.853694183,0.856613643,0.8592630849999999,0.861609319,0.863650037,0.865404971,0.8669444690000001,0.868343681,0.869652694,0.870846719,0.87196418,0.8729727049999999,0.8738146880000001,0.874432614,0.874844099,0.8750589449999999,0.875179099,0.8752887460000001,0.8755119499999999,0.8758942190000001,0.876413783,0.8770368489999999,0.877764225,0.8785003809999999,0.879125391,0.8795153729999999,0.8796205589999999,0.8794355140000001,0.879164323,0.878898714,0.8786394980000001,0.878122745,0.876955047,0.8746120769999999,0.870820865,0.8655913180000001,0.859238264,0.8522899,0.8452734230000001,0.838604464,0.832539128,0.827185809,0.8225477480000001,0.8184706549999999,0.8148539189999999,0.8115500790000001,0.8084572250000001,0.80550123,0.8026521719999999,0.799794876,0.79682853,0.793691074,0.790348135,0.786936948,0.783597308,0.780466613,0.77764531,0.775132634,0.772892922,0.770878952,0.769031983,0.767189751,0.765198173,0.762892632,0.760274117,0.75762545,0.755366325,0.7539898380000001,0.753764522,0.754698185,0.7563835489999999,0.758459812,0.760549824,0.762543173,0.764565461,0.766835082,0.76948357,0.772501922,0.775690665,0.77860853,0.78099738,0.782523489,0.782909537,0.781874804,0.779489477,0.7757526140000001,0.770775,0.764698624,0.757864761,0.750464561,0.742816649,0.73535657,0.728649029,0.723110713,0.718990975,0.716502453,0.71604786,0.717769791,0.721367389,0.7259828309999999,0.7307938829999999,0.734729312,0.736570799,0.736609445,0.736457461,0.7377496530000001,0.741502944,0.748809578,0.75915361,0.7711046579999999,train_P_08_mean
training_sample_mean,phosphorus,9,13.3,10,0.996816612,0.997272078,0.997716873,0.998132873,0.998501732,0.998823249,0.999099594,0.999322,0.999499252,0.999641093,0.999737648,0.999799986,0.999842731,0.999870065,0.999886125,0.999904289,0.999915334,0.99991624,0.999915128,0.999909866,0.999922636,0.999954438,1.000003895,1.00004603,1.00006746,1.00013711,1.00044066,1.00120219,1.00209674,1.00294508,1.0032037900000002,1.00251656,1.00065132,0.998125455,0.995159794,0.992177929,0.989476722,0.987280359,0.985705422,0.984975666,0.985186714,0.986194925,0.987725997,0.989368978,0.990739072,0.991732841,0.992385412,0.992859979,0.993304802,0.993908452,0.99462042,0.995409495,0.996167025,0.99686473,0.997392931,0.997633183,0.997447586,0.996809771,0.995807686,0.994508778,0.993076061,0.991609163,0.9901785,0.988715388,0.987243116,0.985769,0.984332002,0.9828944,0.981508159,0.980165211,0.97891167,0.977717289,0.976717985,0.97583536,0.975224628,0.974811074,0.974670578,0.974717416,0.974984153,0.975317252,0.975792703,0.976405979,0.977155214,0.978066717,0.97914637,0.980222522,0.981070324,0.981416965,0.981082788,0.980096012,0.978677481,0.977099017,0.975629387,0.974400757,0.973378932,0.972549599,0.971911463,0.971562414,0.971524788,0.971816477,0.972333728,0.973061283,0.973953243,0.975060933,0.976451404,0.978184004,0.980228249,0.982597623,0.985333028,0.98837166,0.991803619,0.995734099,1.000183935,1.00512217,1.01050057,1.0162412399999998,1.0223637799999998,1.02907163,1.03668873,1.0454606,1.05539396,1.0663176,1.07799865,1.0901926400000002,1.10269578,1.11523372,1.127216,1.13756315,1.1449051,1.1478822000000002,1.14555061,1.13798202,1.12630991,1.11232983,1.09806919,1.08523999,1.07469491,1.0662895200000002,1.05945217,1.05343021,1.04751512,1.04104484,1.03252064,1.01889535,0.996379552,0.961792726,0.915105949,0.861158452,0.8076697449999999,0.762460394,0.731582574,0.717823687,0.719828777,0.7335635149999999,0.753641388,0.774879466,0.793491897,0.807885301,0.8180444250000001,0.824727556,0.8287270509999999,0.8304931160000001,0.830287284,0.828365993,0.8252597099999999,0.82154965,0.8178265979999999,0.8146778920000001,0.8125080520000001,0.811417054,0.81123188,0.811678489,0.81236686,0.813089604,0.813701129,0.814274677,0.814888711,0.8156917379999999,0.81677872,0.818325186,0.820344738,0.8228570100000001,0.8258059,0.8291140840000001,0.832587764,0.836112984,0.839643441,0.843186716,0.8467234039999999,0.850245513,0.8537653110000001,0.8572206120000001,0.8605312059999999,0.8636176329999999,0.8664405540000001,0.869009739,0.8713166900000001,0.87338258,0.875279423,0.877028366,0.878609078,0.880101239,0.8815233060000001,0.8828530130000001,0.8840679850000001,0.885135107,0.885998414,0.8867084349999999,0.887312187,0.8879330490000001,0.8886721489999999,0.8895882820000001,0.890717053,0.89207989,0.893591857,0.895085256,0.896364559,0.89728678,0.897745194,0.897905333,0.8979235429999999,0.897913344,0.897765558,0.8971705780000001,0.895527665,0.892374731,0.88752297,0.88110603,0.873644431,0.865798543,0.858140816,0.851087935,0.844889255,0.8395938380000001,0.835060622,0.8311412690000001,0.8276313529999999,0.824347751,0.821243903,0.818267537,0.815334335,0.8122989329999999,0.809084766,0.8055933279999999,0.8019993939999999,0.798498754,0.795195557,0.7921837039999999,0.7894455330000001,0.7869382469999999,0.784596502,0.782538798,0.7806248100000001,0.7787116550000001,0.776532005,0.7740047569999999,0.771209547,0.76849179,0.766356066,0.765209978,0.765239122,0.7662468179999999,0.7679485620000001,0.769921906,0.77193908,0.774003126,0.776264163,0.778904271,0.7820174129999999,0.785454348,0.788800749,0.791739568,0.793930584,0.795028348,0.794780732,0.79331822,0.790699988,0.787046374,0.7825135480000001,0.777440469,0.771958354,0.7664219520000001,0.761194513,0.756977104,0.754354145,0.7536788289999999,0.755085864,0.758753532,0.7647448729999999,0.773059258,0.783687514,0.7965813340000001,0.810855063,0.825533972,0.840026084,0.8543180930000001,0.8690084170000001,0.8847306180000001,0.901618152,0.919021454,0.935652596,train_P_09_mean
training_sample_mean,phosphorus,10,18.0,10,0.952377891,0.954473964,0.956560379,0.958781118,0.961176886,0.963747614,0.966474809,0.969188805,0.97183372,0.97434594,0.976740879,0.979055024,0.981380161,0.983698471,0.986028582,0.988353093,0.990581273,0.992902544,0.99550397,0.998513187,1.00211783,1.00638898,1.01107951,1.0161055099999998,1.0214798,1.02715296,1.03294319,1.03864043,1.0434138599999998,1.0465597,1.04742043,1.04607362,1.04285526,1.03868939,1.03420378,1.02985522,1.02571432,1.02169067,1.01766383,1.01365741,1.0096603199999998,1.00564487,1.00156798,0.997414141,0.993191622,0.989177595,0.985569784,0.98265445,0.980512582,0.979134177,0.978227607,0.977614878,0.976910177,0.975889255,0.974169233,0.971552588,0.9680026,0.963732145,0.958965803,0.953999543,0.949061911,0.944161995,0.939217216,0.93410038,0.928794041,0.923284985,0.917654718,0.91192786,0.906136282,0.900338562,0.8945884919999999,0.8889283450000001,0.8835354750000001,0.8785075170000001,0.8739907419999999,0.870016876,0.866570999,0.863538571,0.86085723,0.858376367,0.8561169769999999,0.854104679,0.852381347,0.8510040560000001,0.850052992,0.849452874,0.8490798249999999,0.848771874,0.848425275,0.8480126029999999,0.847597815,0.8472421649999999,0.8470063680000001,0.846869538,0.846706829,0.8464776949999999,0.846183422,0.845945324,0.845854099,0.8460389960000001,0.846496593,0.8473095410000001,0.8484761940000001,0.8500159650000001,0.851940061,0.854234079,0.856792556,0.859534947,0.862481503,0.865622649,0.869102314,0.873090511,0.877658051,0.882771469,0.888335373,0.894213226,0.900283299,0.906539475,0.91306205,0.919902628,0.927013892,0.934406744,0.942221868,0.950647715,0.959894422,0.970031111,0.980763312,0.991353155,1.000822184,1.00821403,1.01269946,1.0139861099999998,1.01224421,1.00799476,1.00199326,0.995077052,0.987875558,0.980644145,0.973526785,0.966501695,0.959537287,0.952459526,0.944348502,0.932928826,0.915245119,0.8886582300000001,0.853084078,0.8122964959999999,0.772256095,0.738434759,0.714233572,0.700384677,0.695401128,0.696701355,0.70148988,0.7076241569999999,0.713759339,0.719199598,0.723558073,0.726621184,0.728344256,0.728731438,0.7278585280000001,0.725851935,0.723039827,0.7197407,0.716316476,0.7131439470000001,0.710512283,0.708517202,0.707099625,0.706139001,0.7053694850000001,0.704586064,0.703657475,0.702604919,0.70151607,0.700589809,0.7000040000000001,0.6999238080000001,0.700348671,0.701240358,0.702499813,0.704027127,0.705647284,0.707290495,0.7089426879999999,0.710616242,0.712289561,0.713918059,0.715475864,0.716887368,0.7180558579999999,0.718929919,0.7195387249999999,0.719939198,0.7201680429999999,0.720234638,0.720157252,0.7199875170000001,0.71971358,0.7193734199999999,0.718929268,0.718323568,0.717475659,0.716324969,0.7148277000000001,0.713066087,0.711106691,0.709067974,0.707088244,0.705283733,0.7038149340000001,0.702833739,0.702332155,0.7021946920000001,0.7022044110000001,0.702156656,0.701899691,0.701537732,0.70119345,0.701029506,0.701010464,0.700958992,0.700466643,0.699191976,0.69691389,0.693675313,0.689732608,0.685443903,0.681093662,0.6768489599999999,0.6727353789999999,0.668747763,0.664799712,0.660920333,0.657171262,0.653613506,0.650209892,0.646864424,0.643349095,0.6395420599999999,0.635482517,0.63138498,0.6276664679999999,0.624728304,0.622641764,0.621173669,0.619928221,0.618540085,0.6168631299999999,0.614986997,0.6131376559999999,0.611555796,0.610282762,0.609108184,0.607776072,0.6061200400000001,0.6041952939999999,0.6020443280000001,0.599690772,0.597167259,0.59455165,0.591677833,0.588456019,0.585049763,0.581653089,0.578411178,0.575370622,0.572381056,0.569065913,0.565210128,0.560652422,0.5553173389999999,0.549337674,0.543153781,0.5370680379999999,0.531283507,0.525926651,0.521103991,0.516792694,0.51319554,0.510556451,0.509358166,0.510021315,0.512844273,0.517648369,0.524474058,0.5331686440000001,0.543592398,0.555468487,0.568775814,0.582565365,0.595869209,0.6081849420000001,0.619787467,0.631548132,0.644651027,0.6599787389999999,0.677427643,0.69553202,train_P_10_mean
training_sample_mean,phosphorus,11,16.68,10,0.997100216,0.997493064,0.997890206,0.998276387,0.998621107,0.998930415,0.999198546,0.999413275,0.999578151,0.999710668,0.999790878,0.99983237,0.999859273,0.999874747,0.999885935,0.999910489,0.999937225,0.999948978,0.99995699,0.999952005,0.999962776,0.999993386,1.00057914,1.00215834,1.00518476,1.01014403,1.01688053,1.02461301,1.03214274,1.03846821,1.04262184,1.04474343,1.0453443,1.04557359,1.04621274,1.04773302,1.05014307,1.05310111,1.05612647,1.05881631,1.06091508,1.06222657,1.0626957,1.0622964700000002,1.06102167,1.05907471,1.05664568,1.0539994,1.05134879,1.04900325,1.04702222,1.04545666,1.0441732,1.04305292,1.04182271,1.04023122,1.03815288,1.03566961,1.03294373,1.03012443,1.02737509,1.02472819,1.02215031,1.0195079100000002,1.01675008,1.0138266699999998,1.01071378,1.00728772,1.00345641,0.99918462,0.994554602,0.989646925,0.984748236,0.980100553,0.975978624,0.972426026,0.969441857,0.966851477,0.964479236,0.962115535,0.959736621,0.957365419,0.955075746,0.952954913,0.951046534,0.949288223,0.94763884,0.946004523,0.944398886,0.942898895,0.941542074,0.940297676,0.939177279,0.938093734,0.936929546,0.935712301,0.934493624,0.933380532,0.932403948,0.93163251,0.931053564,0.930750302,0.930745368,0.931080817,0.931754439,0.932731981,0.933892085,0.935162218,0.93659257,0.93816672,0.940048337,0.942392079,0.945220883,0.948464525,0.952050541,0.955827563,0.959749254,0.963918765,0.968561562,0.973863252,0.97988094,0.986580595,0.993874405,1.001677737,1.00998005,1.01883395,1.02816592,1.0376629,1.04678482,1.05485137,1.0611085,1.06504399,1.06641502,1.06515523,1.06144739,1.05561771,1.04797421,1.03874955,1.02834305,1.01711816,1.00542893,0.993608238,0.981355046,0.967384364,0.949895227,0.927231737,0.899639071,0.870684436,0.845503531,0.827866893,0.818812938,0.817102834,0.819867665,0.824000517,0.827264399,0.829082309,0.8298548840000001,0.8301827319999999,0.830192744,0.829729056,0.8285433619999999,0.8263862919999999,0.823185176,0.819010843,0.8141808239999999,0.8091213829999999,0.8042606729999999,0.799969316,0.796479967,0.7938527910000001,0.7919738159999999,0.790688817,0.7897044369999999,0.7888223919999999,0.787920535,0.787108328,0.786518242,0.786308648,0.786537432,0.7872484070000001,0.7883127200000001,0.789658659,0.791217285,0.792968835,0.7947837950000001,0.796588692,0.7983275080000001,0.799993978,0.801578973,0.803096658,0.8045845719999999,0.80599339,0.8072304929999999,0.808210019,0.8089155,0.8093743200000001,0.809617066,0.809680301,0.809596951,0.80933605,0.808771932,0.807860242,0.8065769599999999,0.8049446469999999,0.8030468689999999,0.801014869,0.798907391,0.796772058,0.79457833,0.792305158,0.789933731,0.787510768,0.785151524,0.783016154,0.781166979,0.779555169,0.778002783,0.7763501859999999,0.774428492,0.7723024900000001,0.770047355,0.767823724,0.7656612899999999,0.763547333,0.7612838230000001,0.758695246,0.7556563940000001,0.752148202,0.7482963579999999,0.7442276569999999,0.740110668,0.7360883570000001,0.732199156,0.728377095,0.7245245849999999,0.720603484,0.716616843,0.712658205,0.708830396,0.705174006,0.701613009,0.69807393,0.6945102910000001,0.69093091,0.6874634289999999,0.684161731,0.6809077990000001,0.677595176,0.674148667,0.670666857,0.667549827,0.665211854,0.6637840859999999,0.6632063610000001,0.663142474,0.663127536,0.662831621,0.66227007,0.661648714,0.661242506,0.661219514,0.66163678,0.662501672,0.663637977,0.664758688,0.665734489,0.666480968,0.6668686420000001,0.6667797120000001,0.666049216,0.664237371,0.661074956,0.6563892100000001,0.650078922,0.642213481,0.6332072209999999,0.623321833,0.612740473,0.601761271,0.590833744,0.580295334,0.5705973280000001,0.562169736,0.5554412799999999,0.5504729939999999,0.5472770770000001,0.545714321,0.5457770209999999,0.547552205,0.551302412,0.557250418,0.56545645,0.575067486,0.5846728409999999,0.5933777219999999,0.600798808,0.607639061,0.615395294,0.625268428,0.6374659069999999,0.6510174400000001,train_P_11_mean
training_sample_mean,phosphorus,12,15.11,9,0.996486567777778,0.99697302,0.99745084,0.9979061566666666,0.9983164022222222,0.9986736422222222,0.9989711944444444,0.99920714,0.9993924044444444,0.9995368644444445,0.9996477655555556,0.9997324433333332,0.9998017233333332,0.999852592222222,0.9998833988888888,0.9999026466666666,0.9999139022222222,0.9999123777777776,0.9999152833333332,0.9999211511111112,0.9999600755555555,0.9999942666666666,1.0000381,1.0000879333333337,1.0001458444444444,1.0002524222222222,1.0001537444444444,0.9996562544444444,0.9984170877777778,0.9962425266666668,0.9929806,0.9891791,0.9850882033333332,0.9811129933333332,0.9773701711111112,0.973829338888889,0.9702477611111112,0.96659712,0.9629664766666666,0.9597219766666666,0.9572095022222222,0.9556885777777776,0.9552828355555556,0.9558910933333332,0.9571516111111112,0.9588055,0.96059808,0.9624542777777776,0.9643726544444444,0.9664868277777776,0.9687238344444444,0.9710405022222224,0.9732913955555555,0.9753278644444444,0.9769268033333334,0.9779585788888888,0.9783604422222224,0.9782044866666668,0.9776437411111112,0.9767853011111112,0.9758208255555556,0.9748357166666668,0.9738437422222224,0.9727684944444444,0.97165514,0.9704994366666668,0.9693356722222222,0.9681392288888888,0.9669284155555556,0.9656655455555556,0.9644005722222224,0.9630688166666668,0.9617375777777778,0.9604065455555556,0.9592763144444444,0.9583684633333333,0.9577891877777778,0.9575057344444444,0.9574856522222224,0.9575785455555555,0.9577790355555555,0.9580482955555556,0.9584066411111112,0.9589184522222222,0.9596137744444444,0.9603760744444444,0.9610723011111112,0.9614606844444444,0.9613408455555555,0.96066334,0.9595316666666668,0.95811376,0.95662575,0.9552116611111112,0.9538868833333332,0.9526943055555556,0.951650612222222,0.9508950566666664,0.9504845655555556,0.9504964144444444,0.9508505455555556,0.9515595022222224,0.9525483066666668,0.9538309944444444,0.9554180633333332,0.9573467677777776,0.9595658588888888,0.9620884222222222,0.9649831166666666,0.96818783,0.9717843933333332,0.9758719377777776,0.9804423244444443,0.9854548977777776,0.9908864333333334,0.99666933,1.0028430222222222,1.0096321444444445,1.0173598222222222,1.0262979333333333,1.036535888888889,1.0480091555555555,1.0605604666666666,1.0739563555555556,1.0879449222222222,1.1021114777777778,1.1156583555555557,1.1273417,1.1356478,1.1390719666666669,1.136534388888889,1.1280350777777777,1.114754088888889,1.0987129666666666,1.0823129555555555,1.0676431222222222,1.055894722222222,1.0470687,1.040570522222222,1.0354826444444445,1.0309185888888888,1.0259849222222224,1.0189729,1.0065924888888889,0.9848732744444444,0.9505857888888888,0.9036926944444444,0.8486623133333333,0.7927783111111111,0.7430799088888889,0.704791291111111,0.6807164177777778,0.67099577,0.6736294566666667,0.6852468644444445,0.7020346255555556,0.7203654055555555,0.7375835122222223,0.7521050977777778,0.7633249466666666,0.7713019655555555,0.776312721111111,0.7786973366666667,0.7788632011111111,0.7774574188888889,0.7751460800000001,0.7725856588888889,0.77035196,0.7688324244444444,0.7681547577777779,0.7682408533333334,0.7689183977777777,0.7699056844444444,0.77100198,0.7720578711111111,0.77307434,0.7740608811111112,0.7750714555555556,0.77615439,0.77742611,0.7789407288888889,0.7808310711111112,0.7831681633333333,0.7859639388888888,0.7890804255555556,0.7924061722222222,0.7958038599999999,0.7992047733333334,0.8025296311111111,0.8057366911111111,0.80878722,0.8116202711111111,0.8141734877777778,0.8164594177777778,0.8185257822222223,0.8204231822222222,0.8221617988888889,0.823749,0.8251877833333333,0.8264541,0.8275106422222223,0.8283893455555555,0.8290763233333334,0.8295289033333333,0.8297336777777777,0.8297305144444445,0.8295462588888889,0.8292912211111111,0.82902901,0.8288398899999999,0.8287205055555555,0.8286301411111112,0.8285436455555556,0.82850538,0.8284742333333334,0.8283720244444445,0.8280864277777779,0.8275625255555555,0.8267551233333333,0.8258174366666666,0.8247906044444444,0.8236769533333334,0.8222776422222222,0.8202972366666667,0.81733981,0.8132443522222222,0.8080709566666666,0.8020914688888889,0.7957694288888889,0.7895317677777778,0.78369362,0.7784363655555555,0.7737747877777778,0.7696188888888889,0.7657781777777778,0.7621174755555555,0.7584715388888889,0.7547701944444445,0.7510730822222222,0.7475205266666667,0.7441077844444445,0.7407325600000001,0.7373062055555555,0.7336956744444445,0.7299895822222222,0.7263605666666666,0.7230209400000001,0.7200804388888888,0.7174635322222223,0.7148864422222222,0.7121862133333333,0.7094092944444443,0.7066364355555556,0.7041295233333333,0.7021362,0.7008150288888889,0.7001506588888888,0.700002961111111,0.7002137011111111,0.7006175977777778,0.7011897122222223,0.7019865977777777,0.7032583033333333,0.7050906177777778,0.7074821544444444,0.7103188655555556,0.7134035355555556,0.7164829144444445,0.7193526311111111,0.7218225833333334,0.7235530644444444,0.7242970200000001,0.7237476155555556,0.7216102722222222,0.7177974566666667,0.7126466555555555,0.7063922155555555,0.6992810333333334,0.6914910966666666,0.6832505455555555,0.6747805111111111,0.6666267088888889,0.6593010355555555,0.6535198922222222,0.6499843377777778,0.6490837633333333,0.6507765111111111,0.6549377655555556,0.6615585755555555,0.6704957888888888,0.6816165777777778,0.6950645433333333,0.7104839033333333,0.7264972066666666,0.7419710966666666,0.7560286155555556,0.7682953722222222,0.7793321288888889,0.7906977688888889,0.8027002655555555,0.8149683844444444,train_P_12_mean
training_sample_mean,phosphorus,13,17.82,10,0.9975052,0.997848825,0.998200321,0.998549716,0.998870845,0.999160805,0.999416113,0.999627347,0.999776175,0.999909183,1.00005567,1.00019279,1.00028204,1.00036675,1.00040532,1.00038954,1.00041475,1.00042929,1.0004769,1.0008744799999998,1.0021234,1.0044595900000002,1.00842572,1.0142199,1.02169279,1.03039587,1.03981357,1.04935174,1.05814562,1.06570905,1.0718037800000002,1.07685673,1.08127849,1.08588201,1.09092124,1.09624721,1.1013545,1.1056501600000002,1.10866137,1.11028461,1.11067389,1.1099881,1.10842697,1.10608389,1.10288716,1.09895967,1.09447797,1.08980842,1.08531339,1.08142183,1.07821852,1.07566607,1.07344961,1.07132056,1.06897586,1.06622322,1.06303277,1.0595177,1.05582382,1.05211167,1.04854258,1.04504599,1.04154058,1.0377949000000002,1.03367784,1.02897016,1.02373195,1.0179828,1.0118509,1.00545246,0.999010295,0.992590066,0.986365666,0.980436904,0.974916983,0.969804678,0.965102417,0.960716173,0.956592868,0.95266398,0.948996378,0.945663857,0.942761851,0.940374157,0.938568085,0.93727363,0.936403931,0.935732111,0.935010714,0.9339987,0.932607643,0.930819996,0.928769177,0.926602983,0.924442452,0.922396538,0.920504914,0.91884687,0.917437045,0.916316053,0.915434979,0.914831778,0.914471074,0.914345838,0.914424126,0.914670972,0.914946744,0.915161414,0.915327154,0.915457753,0.915707106,0.916228841,0.91701983,0.917924797,0.918739798,0.919301237,0.919705926,0.920358219,0.921806493,0.924436251,0.928276162,0.933036015,0.938390511,0.944269096,0.950914196,0.958782941,0.968196588,0.979002797,0.990463295,1.001500754,1.01087972,1.01769663,1.02140498,1.0218037,1.01900486,1.01341981,1.0056338,0.996265304,0.986097632,0.975826179,0.966363028,0.959666144,0.957502399,0.960440318,0.967251896,0.974293416,0.976560651,0.971235161,0.958573253,0.941042724,0.922034178,0.904358272,0.889429789,0.877618966,0.868626063,0.86198263,0.857094322,0.853334912,0.8499862200000001,0.846481807,0.842488428,0.8378507660000001,0.832571532,0.82674567,0.8206271279999999,0.814473964,0.8085834220000001,0.8033007019999999,0.7988727680000001,0.7953246469999999,0.792544833,0.790356174,0.7884911609999999,0.786838893,0.785373571,0.78419726,0.783388869,0.7829861499999999,0.782909157,0.783139931,0.783567314,0.784139642,0.784835238,0.785652009,0.786475553,0.787285419,0.788092994,0.7889279410000001,0.789762671,0.7905776369999999,0.791353972,0.791992481,0.792370505,0.792454218,0.792280031,0.791863169,0.791212926,0.7903041749999999,0.789117181,0.787597873,0.785679861,0.7834192050000001,0.780891193,0.778128113,0.7751584659999999,0.77199502,0.76859166,0.764948517,0.761094392,0.757179832,0.753402511,0.749929328,0.7468504730000001,0.744167973,0.7417421479999999,0.73939986,0.736984993,0.7344653329999999,0.731863068,0.7294156820000001,0.727308493,0.725709289,0.724592727,0.723838217,0.723052575,0.7218431670000001,0.719912224,0.717164728,0.71374765,0.7098721450000001,0.705725469,0.7014594439999999,0.697212763,0.6930654009999999,0.689023205,0.685065694,0.681150624,0.677280995,0.6734965070000001,0.6698667,0.6664164770000001,0.6631020249999999,0.659744943,0.656134723,0.652238436,0.6481939600000001,0.644207265,0.640552199,0.637495249,0.6351591089999999,0.6335324520000001,0.632526898,0.631931703,0.631519633,0.631147209,0.630818482,0.630571528,0.630475535,0.630577857,0.63085993,0.631275387,0.631689999,0.632077884,0.63233547,0.632317441,0.63189695,0.630975473,0.629374629,0.626985001,0.623707621,0.6193333329999999,0.6138137429999999,0.607133772,0.599231716,0.5901542350000001,0.580288347,0.57000351,0.55961496,0.549385417,0.53972624,0.530783523,0.52277962,0.515776837,0.509832325,0.5052084609999999,0.502113659,0.5008395,0.5019615639999999,0.5060738629999999,0.513380732,0.523767442,0.5366049100000001,0.55090715,0.5654800329999999,0.5792519979999999,0.5918914799999999,0.6040229779999999,0.616710957,0.631057472,0.64726966,0.664278952,train_P_13_mean
training_sample_mean,phosphorus,14,16.77,10,0.998048325,0.998341639,0.998627486,0.998903869,0.99914488,0.99935363,0.999531077,0.999672174,0.999778421,0.999864924,0.999909668,0.999923674,0.999934072,0.999933743,0.999934593,0.999949182,0.999966419,0.999972325,0.999974231,0.999972369,0.999998654,1.00003022,1.00008265,1.00014414,1.0002136,1.0003268,1.0003891,1.00047301,1.000234843,0.999507662,0.997930522,0.995642454,0.992543803,0.989106196,0.985455334,0.981758656,0.978018914,0.974306808,0.970663064,0.967370574,0.964672046,0.962671308,0.961409875,0.960823624,0.960684983,0.960987294,0.961722513,0.96297907,0.964775431,0.967143074,0.969774246,0.972404033,0.974737868,0.976555912,0.977646768,0.977963503,0.977511973,0.97638737,0.974826434,0.973052358,0.971336795,0.969813573,0.968508989,0.967272235,0.966023252,0.964690475,0.963254594,0.961655257,0.959807941,0.957647369,0.955079886,0.952121684,0.948960394,0.945834317,0.943061487,0.940852576,0.939283217,0.938247237,0.937573133,0.936988739,0.936395015,0.935738541,0.935029399,0.934391136,0.933948412,0.933688693,0.933566133,0.93343523,0.933121451,0.932558652,0.931775948,0.930794655,0.929707328,0.928560574,0.92733128,0.926060685,0.924826281,0.923786062,0.923031365,0.922637894,0.922579074,0.922895929,0.923566115,0.924616135,0.926088831,0.927982256,0.930225301,0.932802372,0.935784776,0.939109382,0.942857262,0.947087871,0.951768322,0.956818255,0.962212164,0.967904668,0.973964946,0.980639097,0.988236091,0.996973641,1.00689045,1.01790091,1.02986551,1.04261888,1.05594547,1.06943168,1.08231897,1.09345599,1.10151194,1.10525485,1.10382195,1.0972605,1.08646566,1.07297754,1.0586074,1.04502549,1.03320981,1.0233091,1.01503699,1.00787503,1.001328,0.994832473,0.986915754,0.974428285,0.953415622,0.920464781,0.8753166630000001,0.822595269,0.769718214,0.723733199,0.689673282,0.6697344989999999,0.663070657,0.666929491,0.677596036,0.691482556,0.705728106,0.7185107580000001,0.728903399,0.736733338,0.742200002,0.74549752,0.746836233,0.746476515,0.74489609,0.7425588399999999,0.739988533,0.7376979889999999,0.736068869,0.735254123,0.735187565,0.73568593,0.736441048,0.737202928,0.737775631,0.738171371,0.7384468099999999,0.738721817,0.739086323,0.739710133,0.74066178,0.742010267,0.7437515259999999,0.745864394,0.74816436,0.750518398,0.752832138,0.755091774,0.75729219,0.759441001,0.761541858,0.763532808,0.765321407,0.7668432540000001,0.768082712,0.769068766,0.7698277680000001,0.770396859,0.770806283,0.771054141,0.771051202,0.770784984,0.77023589,0.769442288,0.76848357,0.767423702,0.7662681769999999,0.765071103,0.763814643,0.762488508,0.761094705,0.759660062,0.758250071,0.7569588620000001,0.75581995,0.7548471539999999,0.7539907809999999,0.7531480079999999,0.752165914,0.751033785,0.749715514,0.748246095,0.746595674,0.744704029,0.7423915,0.739538601,0.736033578,0.731875658,0.727221786,0.7222773229999999,0.7172710820000001,0.712423123,0.70788887,0.703740005,0.699918956,0.696332492,0.692815575,0.689233708,0.685593083,0.681935328,0.678261182,0.674607569,0.6710160980000001,0.667459432,0.663987651,0.660610974,0.657320793,0.654243032,0.651481585,0.6492469670000001,0.647786699,0.647252664,0.6474440890000001,0.648032927,0.648612159,0.648895076,0.648831124,0.648631317,0.648598478,0.648919409,0.649694577,0.6508485829999999,0.652272839,0.653795849,0.65525072,0.656619811,0.657817921,0.658677502,0.658938543,0.658378823,0.656560508,0.653325479,0.648692234,0.6427585760000001,0.635622252,0.6276193880000001,0.6188827339999999,0.609461144,0.599574828,0.589648884,0.580064915,0.57123729,0.563574269,0.557364006,0.5526196640000001,0.54914181,0.546854154,0.5459146730000001,0.5466141099999999,0.549369891,0.55452316,0.561992783,0.5705732099999999,0.578993048,0.586075848,0.591572305,0.596367004,0.602361593,0.6107835469999999,0.622190365,0.63566668,train_P_14_mean
training_sample_mean,phosphorus,15,11.54,10,0.998704478,0.998927848,0.999150261,0.999359701,0.99953735,0.999700934,0.99982694,0.999907516,0.999916239,0.999971005,0.999963846,0.999966836,0.999933229,0.999908056,0.999812565,0.9998544,1.0005700000000002,1.00265994,1.00669583,1.0130878600000002,1.02191585,1.03246889,1.04408318,1.0563209,1.06903975,1.08255504,1.09739506,1.1138874900000002,1.13128576,1.14842388,1.16389761,1.17669042,1.1861858,1.19285239,1.197236,1.19975945,1.2006783,1.20004989,1.19793277,1.19461052,1.19039587,1.18548506,1.18000947,1.17396579,1.16726548,1.16004926,1.15250672,1.14497948,1.1378162,1.13139659,1.12578073,1.12092307,1.11654101,1.11238002,1.1081214899999998,1.10360032,1.09884456,1.09404291,1.08941359,1.0851118,1.08124535,1.07773589,1.07449618,1.07138853,1.0683945,1.0655277399999998,1.06285033,1.06029197,1.05778217,1.05527943,1.0527286,1.05009801,1.04749385,1.04499008,1.04270263,1.04067652,1.03892798,1.03736246,1.0358702000000002,1.03423807,1.03241302,1.03035298,1.02813584,1.02592912,1.02399693,1.02244949,1.0213838,1.02069,1.02016905,1.01962896,1.01894841,1.0180443499999998,1.01695121,1.01568042,1.01418783,1.01248486,1.01055593,1.00855311,1.00661166,1.00486475,1.0032791360000002,1.0019948,1.000940735,1.000082665,0.999437013,0.999098561,0.998939852,0.998928267,0.999120687,0.999486183,1.00003113,1.000811784,1.00177358,1.0028096400000002,1.00376628,1.00457273,1.00530103,1.00623844,1.007715985,1.00989612,1.01257698,1.01497818,1.01605327,1.015243,1.01277859,1.00961336,1.00723358,1.00690751,1.00886597,1.01231732,1.01579744,1.0179834,1.01829312,1.01682341,1.0141813599999998,1.01110942,1.00822211,1.00567071,1.00354843,1.00185424,1.00186596,1.00641891,1.01936319,1.0433488199999998,1.07630083,1.11016362,1.13502723,1.14435319,1.13739435,1.1187383,1.09517703,1.07229642,1.05287653,1.03738058,1.02535034,1.01623962,1.00934203,1.00389383,0.999163732,0.994580051,0.98983809,0.984752092,0.979287168,0.973386876,0.967218207,0.961005839,0.955059958,0.949703511,0.945203422,0.941589992,0.938754283,0.93658679,0.93488606,0.933559774,0.932526798,0.931803169,0.931355901,0.931188873,0.931252421,0.931619443,0.93225817,0.933195067,0.93440971,0.935915903,0.93758176,0.93936606,0.941222751,0.943152967,0.945120994,0.947153783,0.949275269,0.951443575,0.953574279,0.955610054,0.957519196,0.959298767,0.960995413,0.962647198,0.964287646,0.965902823,0.967402498,0.968757083,0.969950456,0.970999357,0.971924411,0.972760756,0.973473967,0.974124037,0.974698128,0.975278561,0.97592562,0.976708936,0.977689339,0.978972818,0.980543274,0.982353111,0.984278011,0.98618957,0.987943218,0.989636174,0.991254869,0.992749611,0.993817449,0.994052753,0.992894561,0.990075505,0.985615876,0.97987373,0.973441768,0.96686877,0.96056528,0.954774144,0.949633415,0.945219235,0.941499258,0.938447803,0.93595069,0.933847525,0.931970838,0.930198483,0.92833618,0.926199664,0.92369162,0.920812456,0.917800666,0.914967859,0.912571668,0.910764742,0.909465717,0.908394967,0.907265312,0.905944529,0.904357095,0.902579425,0.900705868,0.898813365,0.896972267,0.895221956,0.893629211,0.8921653700000001,0.890757485,0.8893555369999999,0.8880220529999999,0.886767653,0.885736131,0.885277143,0.885585077,0.8867259620000001,0.888562606,0.890926696,0.893271588,0.8953088819999999,0.896883617,0.897778973,0.897614401,0.896490917,0.894468189,0.8916388550000001,0.888284565,0.884948158,0.88194041,0.879455646,0.8775444350000001,0.876438699,0.8760813259999999,0.8762754389999999,0.876823999,0.8777454060000001,0.879380616,0.88244626,0.88749342,0.894894557,0.904119378,0.913645158,0.922428836,0.930224203,0.937554824,0.945616927,0.955387727,0.966501579,0.978026498,train_P_15_mean
